email,first_name,last_name
tester01@example.com,Beta,Tester01
tester02@example.com,Beta,Tester02
tester03@example.com,Beta,Tester03
tester04@example.com,Beta,Tester04
tester05@example.com,Beta,Tester05
tester06@example.com,Beta,Tester06
tester07@example.com,Beta,Tester07
tester08@example.com,Beta,Tester08
tester09@example.com,Beta,Tester09
tester10@example.com,Beta,Tester10
tester11@example.com,Beta,Tester11
tester12@example.com,Beta,Tester12
tester13@example.com,Beta,Tester13
tester14@example.com,Beta,Tester14
tester15@example.com,Beta,Tester15
tester16@example.com,Beta,Tester16
tester17@example.com,Beta,Tester17
tester18@example.com,Beta,Tester18
tester19@example.com,Beta,Tester19
tester20@example.com,Beta,Tester20
